identifier	added	reason
NCBITaxon:562	2026-09-10	core rule: Escherichia coli, 7 sources incl. NCBI, 1861 BacDive strains, LPSN correct name with type strain, GTDB mapping
NCBITaxon:54	2026-09-10	core rule: Nannocystis exedens, 7 sources incl. NCBI, 1136 BacDive strains, LPSN correct name with type strain, GTDB mapping
NCBITaxon:97398	2026-09-10	core rule: Streptomyces abikoensis, 7 sources incl. NCBI, 649 BacDive strains, LPSN correct name with type strain, GTDB mapping
NCBITaxon:1421	2026-09-10	core rule: Lysinibacillus sphaericus, 7 sources incl. NCBI, 587 BacDive strains, LPSN correct name with type strain, GTDB mapping
NCBITaxon:33	2026-09-10	core rule: Myxococcus fulvus, 7 sources incl. NCBI, 524 BacDive strains, LPSN correct name with type strain, GTDB mapping
NCBITaxon:287	2026-09-10	core rule: Pseudomonas aeruginosa, 7 sources incl. NCBI, 507 BacDive strains, LPSN correct name with type strain, GTDB mapping
NCBITaxon:1894	2026-09-10	core rule: Kitasatospora aureofaciens, 7 sources incl. NCBI, 505 BacDive strains, LPSN correct name with type strain, GTDB mapping
NCBITaxon:1280	2026-09-10	core rule: Staphylococcus aureus, 7 sources incl. NCBI, 463 BacDive strains, LPSN correct name with type strain, GTDB mapping
NCBITaxon:1313	2026-09-10	core rule: Streptococcus pneumoniae, 7 sources incl. NCBI, 369 BacDive strains, LPSN correct name with type strain, GTDB mapping
NCBITaxon:28901	2026-09-10	core rule: Salmonella enterica, 7 sources incl. NCBI, 327 BacDive strains, LPSN correct name with type strain, GTDB mapping
NCBITaxon:573	2026-09-10	core rule: Klebsiella pneumoniae, 7 sources incl. NCBI, 323 BacDive strains, LPSN correct name with type strain, GTDB mapping
NCBITaxon:1423	2026-09-10	core rule: Bacillus subtilis, 7 sources incl. NCBI, 269 BacDive strains, LPSN correct name with type strain, GTDB mapping
NCBITaxon:1541	2026-09-10	core rule: Terrisporobacter mayombei, 7 sources incl. NCBI, 269 BacDive strains, LPSN correct name with type strain, GTDB mapping
NCBITaxon:83456	2026-09-10	core rule: Myxococcus virescens, 7 sources incl. NCBI, 258 BacDive strains, LPSN correct name with type strain, GTDB mapping
NCBITaxon:1895	2026-09-10	core rule: Streptomyces avidinii, 7 sources incl. NCBI, 229 BacDive strains, LPSN correct name with type strain, GTDB mapping
NCBITaxon:727	2026-09-10	core rule: Haemophilus influenzae, 7 sources incl. NCBI, 222 BacDive strains, LPSN correct name with type strain, GTDB mapping
NCBITaxon:520	2026-09-10	core rule: Bordetella pertussis, 7 sources incl. NCBI, 199 BacDive strains, LPSN correct name with type strain, GTDB mapping
NCBITaxon:1328	2026-09-10	core rule: Streptococcus anginosus, 7 sources incl. NCBI, 196 BacDive strains, LPSN correct name with type strain, GTDB mapping
NCBITaxon:1351	2026-09-10	core rule: Enterococcus faecalis, 7 sources incl. NCBI, 178 BacDive strains, LPSN correct name with type strain, GTDB mapping
NCBITaxon:1270	2026-09-10	core rule: Micrococcus luteus, 7 sources incl. NCBI, 166 BacDive strains, LPSN correct name with type strain, GTDB mapping
NCBITaxon:1717	2026-09-10	core rule: Corynebacterium diphtheriae, 7 sources incl. NCBI, 166 BacDive strains, LPSN correct name with type strain, GTDB mapping
NCBITaxon:487	2026-09-10	core rule: Neisseria meningitidis, 7 sources incl. NCBI, 157 BacDive strains, LPSN correct name with type strain, GTDB mapping
NCBITaxon:40324	2026-09-10	core rule: Stenotrophomonas maltophilia, 7 sources incl. NCBI, 153 BacDive strains, LPSN correct name with type strain, GTDB mapping
NCBITaxon:1314	2026-09-10	core rule: Streptococcus pyogenes, 7 sources incl. NCBI, 149 BacDive strains, LPSN correct name with type strain, GTDB mapping
NCBITaxon:470	2026-09-10	core rule: Acinetobacter baumannii, 7 sources incl. NCBI, 129 BacDive strains, LPSN correct name with type strain, GTDB mapping
NCBITaxon:28188	2026-09-10	core rule: Capnocytophaga canimorsus, 7 sources incl. NCBI, 121 BacDive strains, LPSN correct name with type strain, GTDB mapping
NCBITaxon:1402	2026-09-10	core rule: Bacillus licheniformis, 7 sources incl. NCBI, 119 BacDive strains, LPSN correct name with type strain, GTDB mapping
NCBITaxon:666	2026-09-10	core rule: Vibrio cholerae, 7 sources incl. NCBI, 115 BacDive strains, LPSN correct name with type strain, GTDB mapping
NCBITaxon:1282	2026-09-10	core rule: Staphylococcus epidermidis, 7 sources incl. NCBI, 115 BacDive strains, LPSN correct name with type strain, GTDB mapping
NCBITaxon:1911	2026-09-10	core rule: Streptomyces griseus, 7 sources incl. NCBI, 113 BacDive strains, LPSN correct name with type strain, GTDB mapping
NCBITaxon:615	2026-09-10	core rule: Serratia marcescens, 7 sources incl. NCBI, 103 BacDive strains, LPSN correct name with type strain, GTDB mapping
NCBITaxon:485	2026-09-10	core rule: Neisseria gonorrhoeae, 7 sources incl. NCBI, 94 BacDive strains, LPSN correct name with type strain, GTDB mapping
NCBITaxon:315405	2026-09-10	core rule: Streptococcus gallolyticus, 7 sources incl. NCBI, 92 BacDive strains, LPSN correct name with type strain, GTDB mapping
NCBITaxon:546	2026-09-10	core rule: Citrobacter freundii, 7 sources incl. NCBI, 85 BacDive strains, LPSN correct name with type strain, GTDB mapping
NCBITaxon:1747	2026-09-10	core rule: Cutibacterium acnes, 7 sources incl. NCBI, 84 BacDive strains, LPSN correct name with type strain, GTDB mapping
NCBITaxon:1655	2026-09-10	core rule: Actinomyces naeslundii, 7 sources incl. NCBI, 81 BacDive strains, LPSN correct name with type strain, GTDB mapping
NCBITaxon:85698	2026-09-10	core rule: Achromobacter xylosoxidans, 7 sources incl. NCBI, 80 BacDive strains, LPSN correct name with type strain, GTDB mapping
NCBITaxon:714	2026-09-10	core rule: Aggregatibacter actinomycetemcomitans, 7 sources incl. NCBI, 79 BacDive strains, LPSN correct name with type strain, GTDB mapping
NCBITaxon:1304	2026-09-10	core rule: Streptococcus salivarius, 7 sources incl. NCBI, 79 BacDive strains, LPSN correct name with type strain, GTDB mapping
NCBITaxon:1496	2026-09-10	core rule: Clostridioides difficile, 7 sources incl. NCBI, 79 BacDive strains, LPSN correct name with type strain, GTDB mapping
NCBITaxon:339	2026-09-10	core rule: Xanthomonas campestris, 7 sources incl. NCBI, 71 BacDive strains, LPSN correct name with type strain, GTDB mapping
NCBITaxon:1408	2026-09-10	core rule: Bacillus pumilus, 7 sources incl. NCBI, 71 BacDive strains, LPSN correct name with type strain, GTDB mapping
NCBITaxon:83460	2026-09-10	core rule: Allostigmatella erecta, 7 sources incl. NCBI, 71 BacDive strains, LPSN correct name with type strain, GTDB mapping
NCBITaxon:1292	2026-09-10	core rule: Staphylococcus warneri, 7 sources incl. NCBI, 70 BacDive strains, LPSN correct name with type strain, GTDB mapping
NCBITaxon:43765	2026-09-10	core rule: Corynebacterium amycolatum, 7 sources incl. NCBI, 70 BacDive strains, LPSN correct name with type strain, GTDB mapping
NCBITaxon:1305	2026-09-10	core rule: Streptococcus sanguinis, 7 sources incl. NCBI, 69 BacDive strains, LPSN correct name with type strain, GTDB mapping
NCBITaxon:39791	2026-09-10	core rule: Corynebacterium glucuronolyticum, 7 sources incl. NCBI, 68 BacDive strains, LPSN correct name with type strain, GTDB mapping
NCBITaxon:196	2026-09-10	core rule: Campylobacter fetus, 7 sources incl. NCBI, 67 BacDive strains, LPSN correct name with type strain, GTDB mapping
NCBITaxon:529	2026-09-10	core rule: Brucella anthropi, 7 sources incl. NCBI, 67 BacDive strains, LPSN correct name with type strain, GTDB mapping
NCBITaxon:1824	2026-09-10	core rule: Nocardia asteroides, 7 sources incl. NCBI, 67 BacDive strains, LPSN correct name with type strain, GTDB mapping
NCBITaxon:210	2026-09-10	core rule: Helicobacter pylori, 7 sources incl. NCBI, 66 BacDive strains, LPSN correct name with type strain, GTDB mapping
NCBITaxon:1613	2026-09-10	core rule: Limosilactobacillus fermentum, 7 sources incl. NCBI, 66 BacDive strains, LPSN correct name with type strain, GTDB mapping
NCBITaxon:43675	2026-09-10	core rule: Rothia mucilaginosa, 7 sources incl. NCBI, 66 BacDive strains, LPSN correct name with type strain, GTDB mapping
NCBITaxon:84112	2026-09-10	core rule: Eggerthella lenta, 7 sources incl. NCBI, 66 BacDive strains, LPSN correct name with type strain, GTDB mapping
NCBITaxon:1590	2026-09-10	core rule: Lactiplantibacillus plantarum, 7 sources incl. NCBI, 64 BacDive strains, LPSN correct name with type strain, GTDB mapping
NCBITaxon:1478	2026-09-10	core rule: Peribacillus simplex, 7 sources incl. NCBI, 63 BacDive strains, LPSN correct name with type strain, GTDB mapping
NCBITaxon:29385	2026-09-10	core rule: Staphylococcus saprophyticus, 7 sources incl. NCBI, 63 BacDive strains, LPSN correct name with type strain, GTDB mapping
NCBITaxon:1303	2026-09-10	core rule: Streptococcus oralis, 7 sources incl. NCBI, 62 BacDive strains, LPSN correct name with type strain, GTDB mapping
NCBITaxon:1311	2026-09-10	core rule: Streptococcus agalactiae, 7 sources incl. NCBI, 62 BacDive strains, LPSN correct name with type strain, GTDB mapping
NCBITaxon:24	2026-09-10	core rule: Shewanella putrefaciens, 7 sources incl. NCBI, 60 BacDive strains, LPSN correct name with type strain, GTDB mapping
NCBITaxon:1404	2026-09-10	core rule: Priestia megaterium, 7 sources incl. NCBI, 60 BacDive strains, LPSN correct name with type strain, GTDB mapping
NCBITaxon:1488	2026-09-10	core rule: Clostridium acetobutylicum, 7 sources incl. NCBI, 59 BacDive strains, LPSN correct name with type strain, GTDB mapping
NCBITaxon:1597	2026-09-10	core rule: Lacticaseibacillus paracasei, 7 sources incl. NCBI, 59 BacDive strains, LPSN correct name with type strain, GTDB mapping
NCBITaxon:1290	2026-09-10	core rule: Staphylococcus hominis, 7 sources incl. NCBI, 55 BacDive strains, LPSN correct name with type strain, GTDB mapping
NCBITaxon:1302	2026-09-10	core rule: Streptococcus gordonii, 7 sources incl. NCBI, 54 BacDive strains, LPSN correct name with type strain, GTDB mapping
NCBITaxon:1358	2026-09-10	core rule: Lactococcus lactis, 7 sources incl. NCBI, 54 BacDive strains, LPSN correct name with type strain, GTDB mapping
NCBITaxon:1504	2026-09-10	core rule: Clostridium septicum, 7 sources incl. NCBI, 53 BacDive strains, LPSN correct name with type strain, GTDB mapping
NCBITaxon:28264	2026-09-10	core rule: Arcanobacterium haemolyticum, 7 sources incl. NCBI, 53 BacDive strains, LPSN correct name with type strain, GTDB mapping
NCBITaxon:1283	2026-09-10	core rule: Staphylococcus haemolyticus, 7 sources incl. NCBI, 52 BacDive strains, LPSN correct name with type strain, GTDB mapping
NCBITaxon:584	2026-09-10	core rule: Proteus mirabilis, 7 sources incl. NCBI, 49 BacDive strains, LPSN correct name with type strain, GTDB mapping
NCBITaxon:74426	2026-09-10	core rule: Collinsella aerofaciens, 7 sources incl. NCBI, 49 BacDive strains, LPSN correct name with type strain, GTDB mapping
NCBITaxon:1661	2026-09-10	core rule: Trueperella pyogenes, 7 sources incl. NCBI, 48 BacDive strains, LPSN correct name with type strain, GTDB mapping
NCBITaxon:1309	2026-09-10	core rule: Streptococcus mutans, 7 sources incl. NCBI, 47 BacDive strains, LPSN correct name with type strain, GTDB mapping
NCBITaxon:1886	2026-09-10	core rule: Streptomyces albidoflavus, 7 sources incl. NCBI, 47 BacDive strains, LPSN correct name with type strain, GTDB mapping
NCBITaxon:670	2026-09-10	core rule: Vibrio parahaemolyticus, 7 sources incl. NCBI, 46 BacDive strains, LPSN correct name with type strain, GTDB mapping
NCBITaxon:1464	2026-09-10	core rule: Paenibacillus larvae, 7 sources incl. NCBI, 46 BacDive strains, LPSN correct name with type strain, GTDB mapping
NCBITaxon:198	2026-09-10	core rule: Campylobacter hyointestinalis, 7 sources incl. NCBI, 45 BacDive strains, LPSN correct name with type strain, GTDB mapping
NCBITaxon:1393	2026-09-10	core rule: Brevibacillus brevis, 7 sources incl. NCBI, 45 BacDive strains, LPSN correct name with type strain, GTDB mapping
NCBITaxon:28035	2026-09-10	core rule: Staphylococcus lugdunensis, 7 sources incl. NCBI, 45 BacDive strains, LPSN correct name with type strain, GTDB mapping
NCBITaxon:753	2026-09-10	core rule: Pasteurella canis, 7 sources incl. NCBI, 44 BacDive strains, LPSN correct name with type strain, GTDB mapping
NCBITaxon:1624	2026-09-10	core rule: Ligilactobacillus salivarius, 7 sources incl. NCBI, 43 BacDive strains, LPSN correct name with type strain, GTDB mapping
NCBITaxon:38304	2026-09-10	core rule: Corynebacterium tuberculostearicum, 7 sources incl. NCBI, 43 BacDive strains, LPSN correct name with type strain, GTDB mapping
NCBITaxon:490	2026-09-10	core rule: Neisseria sicca, 7 sources incl. NCBI, 42 BacDive strains, LPSN correct name with type strain, GTDB mapping
NCBITaxon:33889	2026-09-10	core rule: Brevibacterium casei, 7 sources incl. NCBI, 42 BacDive strains, LPSN correct name with type strain, GTDB mapping
NCBITaxon:571	2026-09-10	core rule: Klebsiella oxytoca, 7 sources incl. NCBI, 41 BacDive strains, LPSN correct name with type strain, GTDB mapping
NCBITaxon:1580	2026-09-10	core rule: Levilactobacillus brevis, 7 sources incl. NCBI, 41 BacDive strains, LPSN correct name with type strain, GTDB mapping
NCBITaxon:13689	2026-09-10	core rule: Sphingomonas paucimobilis, 7 sources incl. NCBI, 41 BacDive strains, LPSN correct name with type strain, GTDB mapping
NCBITaxon:106590	2026-09-10	core rule: Cupriavidus necator, 7 sources incl. NCBI, 41 BacDive strains, LPSN correct name with type strain, GTDB mapping
NCBITaxon:488	2026-09-10	core rule: Neisseria mucosa, 7 sources incl. NCBI, 40 BacDive strains, LPSN correct name with type strain, GTDB mapping
NCBITaxon:1255	2026-09-10	core rule: Pediococcus pentosaceus, 7 sources incl. NCBI, 40 BacDive strains, LPSN correct name with type strain, GTDB mapping
NCBITaxon:1559	2026-09-10	core rule: Clostridium tertium, 7 sources incl. NCBI, 40 BacDive strains, LPSN correct name with type strain, GTDB mapping
NCBITaxon:38284	2026-09-10	core rule: Corynebacterium accolens, 7 sources incl. NCBI, 40 BacDive strains, LPSN correct name with type strain, GTDB mapping
NCBITaxon:1919	2026-09-10	core rule: Streptomyces microflavus, 7 sources incl. NCBI, 39 BacDive strains, LPSN correct name with type strain, GTDB mapping
NCBITaxon:285	2026-09-10	core rule: Comamonas testosteroni, 7 sources incl. NCBI, 37 BacDive strains, LPSN correct name with type strain, GTDB mapping
NCBITaxon:731	2026-09-10	core rule: Histophilus somni, 7 sources incl. NCBI, 37 BacDive strains, LPSN correct name with type strain, GTDB mapping
NCBITaxon:37637	2026-09-10	core rule: Corynebacterium pseudodiphtheriticum, 7 sources incl. NCBI, 37 BacDive strains, LPSN correct name with type strain, GTDB mapping
NCBITaxon:554	2026-09-10	core rule: Pectobacterium carotovorum, 7 sources incl. NCBI, 36 BacDive strains, LPSN correct name with type strain, GTDB mapping
NCBITaxon:633	2026-09-10	core rule: Yersinia pseudotuberculosis, 7 sources incl. NCBI, 36 BacDive strains, LPSN correct name with type strain, GTDB mapping
NCBITaxon:1659	2026-09-10	core rule: Actinomyces israelii, 7 sources incl. NCBI, 36 BacDive strains, LPSN correct name with type strain, GTDB mapping
NCBITaxon:206	2026-09-10	core rule: Campylobacter sputorum, 7 sources incl. NCBI, 34 BacDive strains, LPSN correct name with type strain, GTDB mapping
